pais,anio,clientes_residenciales,proporcion_clientes_siepac,clientes_residenciales_en_soc2_fuente,diferencia_clientes_vs_soc2,cargo_anual_usd,ingreso_prom_usd,ingreso_vulnerable_usd,proporcion_vulnerable,clientes_vulnerables_proxy,soc2_prom_nacional,soc2_prom_recalculado,diferencia_soc2_prom_pp,soc2_vulnerable_nacional,soc2_vulnerable_recalculado,diferencia_soc2_vulnerable_pp,gasto_prom_proxy,ingreso_prom_proxy,gasto_vulnerable_proxy,ingreso_vulnerable_proxy,soc2_prom_x_clientes,soc2_vulnerable_x_clientes,soc2_vulnerable_x_clientes_vulnerables_proxy,fuente_hoja,nota_metodologica,observacion_clientes,clientes_vulnerables_proxy_nic20_sens,gasto_vulnerable_proxy_nic20_sens,ingreso_vulnerable_proxy_nic20_sens,gasto_vulnerable_proxy_sin_honduras,ingreso_vulnerable_proxy_sin_honduras
Costa Rica,2020,1585123,0.1471474478002444,1585123,0,399.355222321832,16583.63656854256,1838.7025710535415,0.2,317024.60000000003,2.4081281609810934,2.4081281609810934,0,21.719403051305306,21.719403051305306,0,633027148.0724493,26287103748.437885,126605429.61448988,582913947.1072206,3817179.334918834,34427925.32289422,6885585.064578845,SOC 2 CR,,,317024.60000000003,126605429.61448988,582913947.1072206,126605429.61448988,582913947.1072206
Costa Rica,2021,1618851,0.1463519084770687,1618851,0,340.6164517013918,18150.59426938725,2162.7755900969837,0.2,323770.2,1.8766132207355586,1.8766132207355586,0,15.749042723665923,15.749042723665923,0,551407283.4532498,29383107683.59182,110281456.69064996,700242285.3608185,3037957.1890009795,25495353.562249303,5099070.712449861,SOC 2 CR,,,323770.2,110281456.69064996,700242285.3608185,110281456.69064996,700242285.3608185
Costa Rica,2022,1655881,0.1455300689717966,1655881,0,327.3119659616946,18134.411035772308,2208.2456467099764,0.2,331176.2,1.8049219537156869,1.8049219537156866,-2.220446049250313e-16,14.82226248014348,14.822262480143483,1.7763568394002505e-15,541989665.5086168,30028426680.325684,108397933.10172337,731318401.9439526,2988735.9696406852,24543902.817882467,4908780.563576493,SOC 2 CR,,,331176.2,108397933.10172337,731318401.9439526,108397933.10172337,731318401.9439526
Costa Rica,2023,1689739,0.144932410322943,1689739,0,407.595162416541,22317.96712865036,2656.1442783433768,0.2,337947.80000000005,1.826309538261201,1.826309538261201,0,15.345369818192104,15.345369818192104,0,688729442.1465635,37711539457.998535,137745888.42931274,897638115.348732,3085986.4528719434,25929669.85122211,5185933.970244423,SOC 2 CR,,,337947.80000000005,137745888.42931274,897638115.348732,137745888.42931274,897638115.348732
Costa Rica,2024,1723337,0.1443723286184447,1723337,0,468.10357682433295,24827.90392291269,3350.4182767943944,0.2,344667.4,1.8853930572541755,1.8853930572541755,0,13.971496635703767,13.971496635703767,0,806700213.7737155,42786845462.80059,161340042.7547431,1154779956.3752043,3249167.6151092392,24077597.097683825,4815519.419536765,SOC 2 CR,,,344667.4,161340042.7547431,1154779956.3752043,161340042.7547431,1154779956.3752043
El Salvador,2020,1762102,0.16357646192989836,1762102,0,204.15523675700953,9894.55500000008,2818.979999999967,0.2,352420.4,2.0633089285673574,2.0633089285673574,0,7.2421669099111,7.2421669099111,0,359742351,17435215154.61014,71948470.2,993466059.1919883,3635760.7896463973,12761436.79628817,2552287.3592576343,SOC 2 ES,,,352420.4,71948470.2,993466059.1919883,71948470.2,993466059.1919883
El Salvador,2021,1816530,0.16422303986336578,1816530,0,220.97275519809747,10879.11,2925,0.2,363306,2.031165740562394,2.031165740562394,0,7.554624109336666,7.554624109336666,0,401403639,19762229688.3,80280727.8,1062670050,3689673.502703806,13723201.333333334,2744640.266666667,SOC 2 ES,,,363306,80280727.8,1062670050,80280727.8,1062670050
El Salvador,2022,1864350,0.16385174060670363,1864350,0,217.34444505591762,11653.650000000001,3101.04,0.2,372870,1.865033230412082,1.865033230412082,0,7.008759804965998,7.008759804965998,0,405206116.14,21726482377.500004,81041223.228,1156284784.8,3477074.7031187653,13066781.342388358,2613356.268477672,SOC 2 ES,,,372870,81041223.228,1156284784.8,81041223.228,1156284784.8
El Salvador,2023,1910891,0.16390107495561082,1910891,0,230.2534758214885,13318.919999999998,3330,0.2,382178.2,1.7287698688894335,1.7287698688894335,0,6.914518793438093,6.914518793438093,0,439989294.666,25451004357.719997,87997858.9332,1272653406,3303490.7835319983,13212891.731711712,2642578.3463423424,SOC 2 ES,,,382178.2,87997858.9332,1272653406,87997858.9332,1272653406
El Salvador,2024,1961053,0.16428695499150012,1961053,0,239.6859915433188,13622.76,3313.0800000000004,0.2,392210.60000000003,1.7594525011328015,1.7594525011328015,0,7.234536791846826,7.234536791846826,0,470036932.774,26714954366.28,94007386.5548,1299425094.6480002,3450379.605703984,14187310.079261594,2837462.015852319,SOC 2 ES,,,392210.60000000003,94007386.5548,1299425094.6480002,94007386.5548,1299425094.6480002
Guatemala,2020,3454999,0.3207286027660924,3454999,0,188.14189659663668,8028.263972817685,2175.633247752142,0.2,690999.8,2.343494150586636,2.343494150586636,0,8.647684382973296,8.647684382973296,0,650030064.5994831,27737643997.82113,130006012.91989663,1503362139.0700805,8096769.9467826765,29877740.895488355,5975548.179097671,SOC 2 GUA,,La tabla fuente denomina la variable «clientes social». El valor se conserva sin reinterpretación.,690999.8,130006012.91989663,1503362139.0700805,130006012.91989663,1503362139.0700805
Guatemala,2021,3530523,0.3191762422682421,3530523,0,197.04673764825992,8261.389639252095,2238.809539976259,0.2,706104.6000000001,2.3851524531906554,2.385152453190655,-4.440892098500626e-16,8.801406914245572,8.80140691424557,-1.7763568394002505e-15,695678039.3421476,29167026133.341225,139135607.86842954,1580833714.7011206,8420835.594496032,31073569.543103017,6214713.908620604,SOC 2 GUA,,La tabla fuente denomina la variable «clientes social». El valor se conserva sin reinterpretación.,706104.6000000001,139135607.86842954,1580833714.7011206,139135607.86842954,1580833714.7011206
Guatemala,2022,3696152,0.32484294190841245,3696152,0,211.32187333256778,9006.386555614094,2440.701264787236,0.2,739230.4,2.3463558001609552,2.3463558001609557,4.440892098500626e-16,8.658244103093434,8.658244103093436,1.7763568394002505e-15,781077764.761917,33288973680.306145,156215552.95238343,1804240572.2491746,8672487.683476515,32002186.258137003,6400437.2516274005,SOC 2 GUA,,La tabla fuente denomina la variable «clientes social». El valor se conserva sin reinterpretación.,739230.4,156215552.95238343,1804240572.2491746,156215552.95238343,1804240572.2491746
Guatemala,2023,3794182,0.32543484080317997,3794182,0,219.76528301936708,9282.243992359123,2515.4577268385865,0.2,758836.4,2.3675878720735155,2.3675878720735155,0,8.736592178615814,8.736592178615814,0,833829481.0569882,35218523075.41712,166765896.21139765,1908820885.7863765,8983059.287639635,33148220.785444904,6629644.157088981,SOC 2 GUA,,La tabla fuente denomina la variable «clientes social». El valor se conserva sin reinterpretación.,758836.4,166765896.21139765,1908820885.7863765,166765896.21139765,1908820885.7863765
Guatemala,2024,3847200,0.32229866976736443,3847200,0,226.77805431000743,9522.503809640952,2580.567350581283,0.2,769440,2.3814960733374404,2.3814960733374404,0,8.7879145746351,8.7879145746351,0,872460530.5414606,36634976656.45067,174492106.10829213,1985591742.2312622,9162091.693343801,33808864.951536156,6761772.9903072305,SOC 2 GUA,,La tabla fuente denomina la variable «clientes social». El valor se conserva sin reinterpretación.,769440,174492106.10829213,1985591742.2312622,174492106.10829213,1985591742.2312622
Honduras,2020,1752555,0.16269021103066283,1752555,0,280.3666581829493,5497.815226579728,571.2128725396615,0.2,350511,5.099601325768251,5.099601325768265,1.3322676295501878e-14,49.08269257595933,49.08269257595948,1.4921397450962104e-13,491357988.6318188,9635223564.418436,98271597.72636375,200216395.16674927,8937331.801481778,86020118.2874604,17204023.65749208,SOC 2 HD,,,350511,98271597.72636375,200216395.16674927,0,0
Honduras,2021,1790787,0.16189574897623338,1790787,0,301.05437254496593,5859.284755332562,586.357287848774,0.2,358157.4,5.138073760128728,5.138073760128742,1.3322676295501878e-14,51.343162059002125,51.34316205900218,5.684341886080802e-14,539124256.6466819,10492730969.147732,107824851.32933639,210008201.6869685,9201195.694679646,91944667.15415424,18388933.430830847,SOC 2 HD,,,358157.4,107824851.32933639,210008201.6869685,0,0
Honduras,2022,1796949,0.1579280829412264,1796949,0,355.08002289267637,6033.8931709310755,575.1909923712332,0.2,359389.80000000005,5.884758195642447,5.884758195642446,-8.881784197001252e-16,61.73254233847679,61.732542338476804,1.4210854715202004e-14,638060692.0569719,10842598299.611425,127612138.4113944,206717775.71009904,10574610.3549015,110930230.22258353,22186046.04451671,SOC 2 HD,,,359389.80000000005,127612138.4113944,206717775.71009904,0,0
Honduras,2023,1819474,0.15606004971177584,1819474,0,382.7839568587768,6078.095138244074,581.1173634584177,0.2,363894.80000000005,6.297761850587959,6.297761850587959,0,65.87033548278535,65.87033548278535,0,696465457.1216661,11058936073.561499,139293091.4243332,211465586.75222823,11458613.945336675,119849362.78220539,23969872.55644108,SOC 2 HD,,,363894.80000000005,139293091.4243332,211465586.75222823,0,0
Honduras,2024,1900045,0.15917601788265023,1900045,0,421.0610932475884,6426.474284707361,572.9140972397704,0.2,380009,6.551976629698161,6.551976629698161,0,73.4946295223331,73.49462952233308,-1.4210854715202004e-14,800035024.9196141,12210590332.286798,160007004.98392284,217712513.1779879,12449050.435374843,139643103.35076138,27928620.67015228,SOC 2 HD,,,380009,160007004.98392284,217712513.1779879,0,0
Nicaragua,2020,1155606,0.10727525470430323,1155606,0,167.78017801251204,1926.0111533816203,736.0845674878655,0.296,342059.376,8.711277591405931,8.711277591405933,1.7763568394002505e-15,22.79360082023156,22.79360082023156,0,193887780.39232698,2225710044.9147205,57390782.99612879,251784627.83812913,10066804.652294243,26340421.869464513,7796764.873361495,SOC 2 NIC  (2),Estrato vulnerable = 29.6% de pobreza general usado como proxy del 20% inferior; adaptación aceptada por el tutor.,,231121.2,38777556.0784654,170124748.53927645,57390782.99612879,251784627.83812913
Nicaragua,2021,1209264,0.10932327573854171,1209264,0,141.0668715343602,1940.3914722325926,741.5804498783546,0.296,357942.144,7.270021207218058,7.270021207218058,0,19.02246365279723,19.02246365279723,0,170587089.33912653,2346445553.277874,50493778.44438145,265442896.17794275,8791374.925125338,23003180.48663619,6808941.424044312,SOC 2 NIC  (2),Estrato vulnerable = 29.6% de pobreza general usado como proxy del 20% inferior; adaptación aceptada por el tutor.,,241852.80000000002,34117417.86782531,179353308.22833973,50493778.44438145,265442896.17794275
Nicaragua,2022,1225848,0.10773584816115345,1225848,0,144.17160889538616,2035.8606702322916,778.0669485129229,0.296,362851.008,7.08160489582699,7.081604895826992,1.7763568394002505e-15,18.52946062943986,18.52946062943986,0,176732478.42119133,2495655730.882914,52312813.61267263,282322376.5593981,8680971.198339723,22714302.253677595,6723433.467088567,SOC 2 NIC  (2),Estrato vulnerable = 29.6% de pobreza general usado como proxy del 20% inferior; adaptación aceptada por el tutor.,,245169.6,35346495.68423827,190758362.5401339,52312813.61267263,282322376.5593981
Nicaragua,2023,1265190,0.10851796414504503,1265190,0,134.448944668347,2209.4178968298465,844.3971957963569,0.296,374496.24,6.085265483784632,6.085265483784632,0,15.922476452748905,15.922476452748906,1.7763568394002505e-15,170103460.30494595,2795333428.8901534,50350624.250264,316223574.89227945,7699017.037429478,20144957.983253386,5962907.563043002,SOC 2 NIC  (2),Estrato vulnerable = 29.6% de pobreza general usado como proxy del 20% inferior; adaptación aceptada por el tutor.,,253038,34020692.060989186,213664577.62991855,50350624.250264,316223574.89227945
Nicaragua,2024,1299136.2,0.10883496285782612,1299136.200000003,-3.026798367500305e-09,125.47168533854926,2418.774955113753,924.4094529563789,0.296,384544.31519999995,5.187406338621054,5.18740633862105,-4.440892098500626e-15,13.57317203294222,13.573172032942207,-1.2434497875801753e-14,163004808.4983186,3142318103.8416514,48249423.3155023,355476400.0515173,6739147.358612069,17633399.136822827,5219486.144499557,SOC 2 NIC  (2),Estrato vulnerable = 29.6% de pobreza general usado como proxy del 20% inferior; adaptación aceptada por el tutor.,El valor 2024 aparece con decimal en la tabla fuente y se conserva exactamente como fue reportado.,259827.24,32600961.69966372,240186756.79156578,48249423.3155023,355476400.0515173
Panamá,2020,1061959.5,0.0985820217687988,1061959.5,0,527.0748131166961,48624.65892183772,3916.080044460301,0.2,212391.90000000002,1.0839660879965218,1.0839660879965218,0,13.459245141383096,13.459245141383096,0,559732105,51637418476.30532,111946421.00000001,831743681.1950079,1151128.0848257423,14293173.240720622,2858634.648144125,SOC 2 PAN,,El valor 2020 aparece con decimal en la tabla fuente y se conserva exactamente como fue reportado.,212391.90000000002,111946421.00000001,831743681.1950079,111946421.00000001,831743681.1950079
Panamá,2021,1095404,0.09902978467654833,1095404,0,491.3858813734476,48671.27915525436,3916.080044460297,0.2,219080.80000000002,1.0096013293712653,1.0096013293712653,0,12.547901876228607,12.547901876228607,0,538266060,53314713871.78224,107653212.00000001,857937949.0043975,1105921.3345986016,13745021.906828322,2749004.3813656643,SOC 2 PAN,,,219080.80000000002,107653212.00000001,857937949.0043975,107653212.00000001,857937949.0043975
Panamá,2022,1139094,0.10011131741070746,1139094,0,528.7010466212622,48624.659644317624,4102.5600889205925,0.2,227818.80000000002,1.0873105343844753,1.0873105343844753,0,12.887100619173783,12.887100619173783,0,602240190,55388058052.88434,120448038.00000001,934640316.3857827,1238548.9058541495,14679618.99269714,2935923.7985394285,SOC 2 PAN,,,227818.80000000002,120448038.00000001,934640316.3857827,120448038.00000001,934640316.3857827
Panamá,2023,1179331,0.1011536600614454,1179331,0,517.7978362308801,48531.42084474564,4475.520066690446,0.2,235866.2,1.0669331892988263,1.0669331892988263,0,11.569556800440866,11.569556800440866,0,610655040,57234609076.25472,122131008.00000001,1055623911.1540221,1258267.3850689742,13644336.991020726,2728867.3982041455,SOC 2 PAN,,,235866.2,122131008.00000001,1055623911.1540221,122131008.00000001,1055623911.1540221
Panamá,2024,1205983,0.10103106588221446,1205983,0,577.069328506289,48717.900111150746,4102.5600889205925,0.2,241196.6,1.1845119087433884,1.1845119087433884,0,14.066078643545701,14.066078643545701,0,695935800,58752959329.74591,139187160,989523544.7433447,1428501.2252420778,16963451.720779177,3392690.344155835,SOC 2 PAN,,,241196.6,139187160,989523544.7433447,139187160,989523544.7433447
