tipo,numero,dimension,codigo,archivo,titulo,criterio_o_seccion
figura,1,eco,ECO1,figuras/ECO1_bloque.png,Uso de energía per cápita,Agregado regional (razón de sumas)
figura,2,eco,ECO2,figuras/ECO2_bloque.png,Uso de energía por unidad de PIB,Agregado regional (razón de sumas)
figura,3,eco,ECO3,figuras/ECO3_bloque.png,Eficiencia de conversión y distribución,Agregado regional (razón de sumas)
figura,4,eco,ECO6,figuras/ECO6_bloque.png,Intensidad energética de la industria,Agregado regional (razón de sumas)
figura,5,eco,ECO11,figuras/ECO11_bloque.png,Fósiles en la electricidad,Agregado regional (razón de sumas)
figura,6,eco,ECO13,figuras/ECO13_bloque.png,Renovables en la electricidad,Agregado regional (razón de sumas)
figura,7,eco,ECO14,figuras/ECO14_bloque.png,Precio medio de la electricidad,Mediana de países (sin ponderador)
figura,8,eco,ECO15,figuras/ECO15_bloque.png,Dependencia de importaciones netas,Agregado regional (razón de sumas)
figura,9,eco,ECO-CG,figuras/ECO_CG_bloque.png,Costo de generación eléctrica,Mediana descriptiva
figura,10,soc,SOC1,figuras/SOC1_bloque.png,Población sin electricidad,Agregado regional (razón de sumas)
figura,11,soc,SOC2_PROM,figuras/SOC2_PROM_bloque.png,Ingreso destinado a electricidad — Hogar promedio,Agregado regional (razón de sumas)
figura,12,soc,SOC2_VULNERABLE,figuras/SOC2_VULNERABLE_bloque.png,Ingreso destinado a electricidad — Estrato vulnerable,Agregado regional (razón de sumas)
figura,13,soc,SOC3_RURAL,figuras/SOC3_RURAL_bloque.png,Hogares con acceso a energía renovable — Rural,Agregado regional (razón de sumas)
figura,14,soc,SOC3_URB,figuras/SOC3_URB_bloque.png,Hogares con acceso a energía renovable — Urbano,Agregado regional (razón de sumas)
figura,15,env,ENV1_PC,figuras/ENV1_PC_bloque.png,Emisiones de GEI del sector eléctrico — Per cápita,Agregado regional (razón de sumas)
figura,16,env,ENV1_PIB,figuras/ENV1_PIB_bloque.png,Emisiones de GEI del sector eléctrico — Por unidad de PIB,Agregado regional (razón de sumas)
figura,17,env,ENV2_SO2_PC,figuras/ENV2_SO2_PC_bloque.png,Contaminantes atmosféricos urbanos — SO₂ per cápita,Agregado regional (razón de sumas)
figura,18,env,ENV2_PAR_PC,figuras/ENV2_PAR_PC_bloque.png,Contaminantes atmosféricos urbanos — Partículas per cápita,Agregado regional (razón de sumas)
figura,19,env,ENV2_SO2_PIB,figuras/ENV2_SO2_PIB_bloque.png,Contaminantes atmosféricos urbanos — SO₂ por PIB,Agregado regional (razón de sumas)
figura,20,env,ENV2_PAR_PIB,figuras/ENV2_PAR_PIB_bloque.png,Contaminantes atmosféricos urbanos — Partículas por PIB,Agregado regional (razón de sumas)
figura,21,env,ENV3,figuras/ENV3_bloque.png,Emisiones atmosféricas del sistema — Escala eléctrica,Agregado regional (razón de sumas)
figura,22,env,ENV6,figuras/ENV6_bloque.png,Biomasa vs Saldo MER,Totales regionales observados
tabla_tesis,7,soc,SOC2_REGIONAL,tablas/tabla_07_soc2_regional_tesis.html,"SOC2 regional agregado del SIEPAC, 2020–2024",Tabla 7 del cuerpo de la tesis
tabla,1,eco,consumo_final_total_kwh,tablas/tablas_apa_SIEPAC.html#tabla-01,"Consumo final total de electricidad por país, 2020–2024",Datos base (económica)
tabla,2,eco,consumo_industrial_kwh,tablas/tablas_apa_SIEPAC.html#tabla-02,"Consumo final de electricidad de la industria por país, 2020–2024",Datos base (económica)
tabla,3,eco,produccion_bruta_kwh,tablas/tablas_apa_SIEPAC.html#tabla-03,"Producción bruta de electricidad por país, 2020–2024",Datos base (económica)
tabla,4,eco,gen_total_kwh,tablas/tablas_apa_SIEPAC.html#tabla-04,"Generación eléctrica total por país, 2020–2024",Datos base (económica)
tabla,5,eco,gen_hidro_kwh,tablas/tablas_apa_SIEPAC.html#tabla-05,"Generación hidroeléctrica por país, 2020–2024",Datos base (económica)
tabla,6,eco,gen_geotermia_kwh,tablas/tablas_apa_SIEPAC.html#tabla-06,"Generación geotérmica por país, 2020–2024",Datos base (económica)
tabla,7,eco,gen_eolica_kwh,tablas/tablas_apa_SIEPAC.html#tabla-07,"Generación eólica por país, 2020–2024",Datos base (económica)
tabla,8,eco,gen_solar_kwh,tablas/tablas_apa_SIEPAC.html#tabla-08,"Generación solar por país, 2020–2024",Datos base (económica)
tabla,9,eco,gen_biomasa_kwh,tablas/tablas_apa_SIEPAC.html#tabla-09,"Generación con biomasa por país, 2020–2024",Datos base (económica)
tabla,10,eco,gen_renovable_kwh,tablas/tablas_apa_SIEPAC.html#tabla-10,"Generación renovable total por país, 2020–2024",Datos base (económica)
tabla,11,eco,gen_fosil_kwh,tablas/tablas_apa_SIEPAC.html#tabla-11,"Generación térmica fósil por país, 2020–2024",Datos base (económica)
tabla,12,eco,importaciones_kwh,tablas/tablas_apa_SIEPAC.html#tabla-12,"Importaciones de electricidad por país, 2020–2024",Datos base (económica)
tabla,13,eco,exportaciones_kwh,tablas/tablas_apa_SIEPAC.html#tabla-13,"Exportaciones de electricidad por país, 2020–2024",Datos base (económica)
tabla,14,eco,poblacion_habitantes,tablas/tablas_apa_SIEPAC.html#tabla-14,"Población total por país, 2020–2024",Datos base (económica)
tabla,15,eco,pib_usd_const2015,tablas/tablas_apa_SIEPAC.html#tabla-15,"Producto interno bruto real por país, 2020–2024",Datos base (económica)
tabla,16,eco,vai_usd_const2015,tablas/tablas_apa_SIEPAC.html#tabla-16,"Valor agregado manufacturero por país, 2020–2024",Datos base (económica)
tabla,17,eco,vai_pct_pib,tablas/tablas_apa_SIEPAC.html#tabla-17,"Participación del valor agregado manufacturero en el PIB por país, 2020–2024",Datos base (económica)
tabla,18,eco,tarifa_usd_mwh,tablas/tablas_apa_SIEPAC.html#tabla-18,"Precio medio de la electricidad regulada por país, 2020–2024",Datos base (económica)
tabla,19,eco,eco_cg_usd_mwh,tablas/tablas_apa_SIEPAC.html#tabla-19,"Matriz ECO-CG de los países del SIEPAC, 2020–2024",Datos base (económica)
tabla,20,env,emisiones_gei_10e3t,tablas/tablas_apa_SIEPAC.html#tabla-20,"Emisiones de gases de efecto invernadero de las centrales eléctricas por país, 2020–2024",Datos base (ambiental)
tabla,21,env,so2_10e3t,tablas/tablas_apa_SIEPAC.html#tabla-21,"Emisiones de dióxido de azufre de las centrales eléctricas por país, 2020–2024",Datos base (ambiental)
tabla,22,env,nox_10e3t,tablas/tablas_apa_SIEPAC.html#tabla-22,"Emisiones de óxidos de nitrógeno de las centrales eléctricas por país, 2020–2024",Datos base (ambiental)
tabla,23,env,co_10e3t,tablas/tablas_apa_SIEPAC.html#tabla-23,"Emisiones de monóxido de carbono de las centrales eléctricas por país, 2020–2024",Datos base (ambiental)
tabla,24,env,particulas_10e3t,tablas/tablas_apa_SIEPAC.html#tabla-24,"Emisiones de material particulado de las centrales eléctricas por país, 2020–2024",Datos base (ambiental)
tabla,25,env,pib_usd_const2015,tablas/tablas_apa_SIEPAC.html#tabla-25,"Producto interno bruto real empleado en la dimensión ambiental por país, 2020–2024",Datos base (ambiental)
tabla,26,soc,pct_sin_electricidad,tablas/tablas_apa_SIEPAC.html#tabla-26,"Población sin acceso a electricidad por país, 2020–2024",Datos base (social)
tabla,27,soc,tasa_electrificacion_rural,tablas/tablas_apa_SIEPAC.html#tabla-27,"Tasa de electrificación rural por país, 2020–2024",Datos base (social)
tabla,28,soc,tasa_electrificacion_urbana,tablas/tablas_apa_SIEPAC.html#tabla-28,"Tasa de electrificación urbana por país, 2020–2024",Datos base (social)
tabla,29,soc,pct_renovable_generacion,tablas/tablas_apa_SIEPAC.html#tabla-29,"Participación de las renovables en la generación eléctrica por país, 2020–2024",Datos base (social)
tabla,30,eco,ECO1,tablas/tablas_apa_SIEPAC.html#tabla-30,"Uso de energía per cápita (ECO1), por país, 2020–2024",Indicadores (económica)
tabla,31,eco,ECO2,tablas/tablas_apa_SIEPAC.html#tabla-31,"Uso de energía por unidad de PIB (ECO2), por país, 2020–2024",Indicadores (económica)
tabla,32,eco,ECO3,tablas/tablas_apa_SIEPAC.html#tabla-32,"Eficiencia de conversión y distribución (ECO3), por país, 2020–2024",Indicadores (económica)
tabla,33,eco,ECO6,tablas/tablas_apa_SIEPAC.html#tabla-33,"Intensidad energética de la industria (ECO6), por país, 2020–2024",Indicadores (económica)
tabla,34,eco,ECO11,tablas/tablas_apa_SIEPAC.html#tabla-34,"Fósiles en la electricidad (ECO11), por país, 2020–2024",Indicadores (económica)
tabla,35,eco,ECO13,tablas/tablas_apa_SIEPAC.html#tabla-35,"Renovables en la electricidad (ECO13), por país, 2020–2024",Indicadores (económica)
tabla,36,eco,ECO14,tablas/tablas_apa_SIEPAC.html#tabla-36,"Precio medio de la electricidad (ECO14), por país, 2020–2024",Indicadores (económica)
tabla,37,eco,ECO15,tablas/tablas_apa_SIEPAC.html#tabla-37,"Dependencia de importaciones netas (ECO15), por país, 2020–2024",Indicadores (económica)
tabla,38,env,ENV1_PC,tablas/tablas_apa_SIEPAC.html#tabla-38,"Emisiones de GEI del sector eléctrico (ENV1_PC), Per cápita, por país, 2020–2024",Indicadores (ambiental)
tabla,39,env,ENV1_PIB,tablas/tablas_apa_SIEPAC.html#tabla-39,"Emisiones de GEI del sector eléctrico (ENV1_PIB), Por unidad de PIB, por país, 2020–2024",Indicadores (ambiental)
tabla,40,env,ENV2_SO2_PC,tablas/tablas_apa_SIEPAC.html#tabla-40,"Contaminantes atmosféricos urbanos (ENV2_SO2_PC), SO₂ per cápita, por país, 2020–2024",Indicadores (ambiental)
tabla,41,env,ENV2_PAR_PC,tablas/tablas_apa_SIEPAC.html#tabla-41,"Contaminantes atmosféricos urbanos (ENV2_PAR_PC), Partículas per cápita, por país, 2020–2024",Indicadores (ambiental)
tabla,42,env,ENV2_SO2_PIB,tablas/tablas_apa_SIEPAC.html#tabla-42,"Contaminantes atmosféricos urbanos (ENV2_SO2_PIB), SO₂ por PIB, por país, 2020–2024",Indicadores (ambiental)
tabla,43,env,ENV2_PAR_PIB,tablas/tablas_apa_SIEPAC.html#tabla-43,"Contaminantes atmosféricos urbanos (ENV2_PAR_PIB), Partículas por PIB, por país, 2020–2024",Indicadores (ambiental)
tabla,44,env,ENV3,tablas/tablas_apa_SIEPAC.html#tabla-44,"Emisiones atmosféricas del sistema (ENV3), Escala eléctrica, por país, 2020–2024",Indicadores (ambiental)
tabla,45,env,ENV6,tablas/tablas_apa_SIEPAC.html#tabla-45,"Inyección de biomasa y saldo neto en el Mercado Eléctrico Regional (ENV6), por país, 2020–2024",Indicadores (ambiental)
tabla,46,soc,SOC1,tablas/tablas_apa_SIEPAC.html#tabla-46,"Población sin electricidad (SOC1), por país, 2020–2024",Indicadores (social)
tabla,47,soc,SOC2_PROM,tablas/tablas_apa_SIEPAC.html#tabla-47,"Ingreso destinado a electricidad (SOC2_PROM), Hogar promedio, por país, 2020–2024",Indicadores (social)
tabla,48,soc,SOC2_VULNERABLE,tablas/tablas_apa_SIEPAC.html#tabla-48,"Ingreso destinado a electricidad (SOC2_VULNERABLE), Estrato vulnerable, por país, 2020–2024",Indicadores (social)
tabla,49,soc,SOC3_RURAL,tablas/tablas_apa_SIEPAC.html#tabla-49,"Hogares con acceso a energía renovable (SOC3_RURAL), Rural, por país, 2020–2024",Indicadores (social)
tabla,50,soc,SOC3_URB,tablas/tablas_apa_SIEPAC.html#tabla-50,"Hogares con acceso a energía renovable (SOC3_URB), Urbano, por país, 2020–2024",Indicadores (social)
tabla,51,eco,BLOQUE_TENDENCIA,tablas/tablas_apa_SIEPAC.html#tabla-51,"Nivel y tendencia de las series económicas del SIEPAC, 2020–2024",Estadística descriptiva del bloque (económica)
tabla,52,eco,BLOQUE_HET_ECO1,tablas/tablas_apa_SIEPAC.html#tabla-52,"Estadística descriptiva de Uso de energía per cápita (ECO1) entre los países del SIEPAC, por año, 2020–2024",Estadística descriptiva del bloque (económica)
tabla,53,eco,BLOQUE_HET_ECO2,tablas/tablas_apa_SIEPAC.html#tabla-53,"Estadística descriptiva de Uso de energía por unidad de PIB (ECO2) entre los países del SIEPAC, por año, 2020–2024",Estadística descriptiva del bloque (económica)
tabla,54,eco,BLOQUE_HET_ECO3,tablas/tablas_apa_SIEPAC.html#tabla-54,"Estadística descriptiva de Eficiencia de conversión y distribución (ECO3) entre los países del SIEPAC, por año, 2020–2024",Estadística descriptiva del bloque (económica)
tabla,55,eco,BLOQUE_HET_ECO6,tablas/tablas_apa_SIEPAC.html#tabla-55,"Estadística descriptiva de Intensidad energética de la industria (ECO6) entre los países del SIEPAC, por año, 2020–2024",Estadística descriptiva del bloque (económica)
tabla,56,eco,BLOQUE_HET_ECO11,tablas/tablas_apa_SIEPAC.html#tabla-56,"Estadística descriptiva de Fósiles en la electricidad (ECO11) entre los países del SIEPAC, por año, 2020–2024",Estadística descriptiva del bloque (económica)
tabla,57,eco,BLOQUE_HET_ECO13,tablas/tablas_apa_SIEPAC.html#tabla-57,"Estadística descriptiva de Renovables en la electricidad (ECO13) entre los países del SIEPAC, por año, 2020–2024",Estadística descriptiva del bloque (económica)
tabla,58,eco,BLOQUE_HET_ECO14,tablas/tablas_apa_SIEPAC.html#tabla-58,"Estadística descriptiva de Precio medio de la electricidad (ECO14) entre los países del SIEPAC, por año, 2020–2024",Estadística descriptiva del bloque (económica)
tabla,59,eco,BLOQUE_HET_ECO_CG,tablas/tablas_apa_SIEPAC.html#tabla-59,"Estadística descriptiva de Costo de generación eléctrica (ECO-CG) entre los países del SIEPAC, por año, 2020–2024",Estadística descriptiva del bloque (económica)
tabla,60,eco,BLOQUE_HET_ECO15,tablas/tablas_apa_SIEPAC.html#tabla-60,"Estadística descriptiva de Dependencia de importaciones netas (ECO15) entre los países del SIEPAC, por año, 2020–2024",Estadística descriptiva del bloque (económica)
tabla,61,eco,BLOQUE_CONVERGENCIA,tablas/tablas_apa_SIEPAC.html#tabla-61,"Convergencia sigma entre los países del SIEPAC por serie económica, 2020–2024",Estadística descriptiva del bloque (económica)
tabla,62,soc,BLOQUE_SOC_TENDENCIA,tablas/tablas_apa_SIEPAC.html#tabla-62,"Nivel y tendencia regional de los indicadores sociales agregables del SIEPAC, 2020–2024",Estadística descriptiva del bloque (social)
tabla,63,soc,BLOQUE_SOC_HETEROGENEIDAD,tablas/tablas_apa_SIEPAC.html#tabla-63,"Heterogeneidad de los indicadores sociales entre los países del SIEPAC, 2020 y 2024",Estadística descriptiva del bloque (social)
tabla,64,soc,BLOQUE_SOC2_DESCRIPTIVOS,tablas/tablas_apa_SIEPAC.html#tabla-64,"Estadística descriptiva anual del ingreso destinado a electricidad en los países del SIEPAC, 2020–2024",Estadística descriptiva del bloque (social)
tabla,65,soc,BLOQUE_SOC2_CAMBIO,tablas/tablas_apa_SIEPAC.html#tabla-65,Cambio en el nivel y la dispersión de SOC2 entre 2020 y 2024,Estadística descriptiva del bloque (social)
tabla,66,env,BLOQUE_ENV_TENDENCIA,tablas/tablas_apa_SIEPAC.html#tabla-66,"Nivel y tendencia regional de los indicadores ambientales del SIEPAC, 2020–2024",Estadística descriptiva del bloque (ambiental)
tabla,67,env,BLOQUE_HET_ENV1_PC,tablas/tablas_apa_SIEPAC.html#tabla-67,"Estadística descriptiva de Emisiones de GEI del sector eléctrico (ENV1_PC), Per cápita, entre los países del SIEPAC, 2020–2024",Estadística descriptiva del bloque (ambiental)
tabla,68,env,BLOQUE_HET_ENV1_PIB,tablas/tablas_apa_SIEPAC.html#tabla-68,"Estadística descriptiva de Emisiones de GEI del sector eléctrico (ENV1_PIB), Por unidad de PIB, entre los países del SIEPAC, 2020–2024",Estadística descriptiva del bloque (ambiental)
tabla,69,env,BLOQUE_HET_ENV2_SO2_PC,tablas/tablas_apa_SIEPAC.html#tabla-69,"Estadística descriptiva de Contaminantes atmosféricos urbanos (ENV2_SO2_PC), SO₂ per cápita, entre los países del SIEPAC, 2020–2024",Estadística descriptiva del bloque (ambiental)
tabla,70,env,BLOQUE_HET_ENV2_PAR_PC,tablas/tablas_apa_SIEPAC.html#tabla-70,"Estadística descriptiva de Contaminantes atmosféricos urbanos (ENV2_PAR_PC), Partículas per cápita, entre los países del SIEPAC, 2020–2024",Estadística descriptiva del bloque (ambiental)
tabla,71,env,BLOQUE_HET_ENV2_SO2_PIB,tablas/tablas_apa_SIEPAC.html#tabla-71,"Estadística descriptiva de Contaminantes atmosféricos urbanos (ENV2_SO2_PIB), SO₂ por PIB, entre los países del SIEPAC, 2020–2024",Estadística descriptiva del bloque (ambiental)
tabla,72,env,BLOQUE_HET_ENV2_PAR_PIB,tablas/tablas_apa_SIEPAC.html#tabla-72,"Estadística descriptiva de Contaminantes atmosféricos urbanos (ENV2_PAR_PIB), Partículas por PIB, entre los países del SIEPAC, 2020–2024",Estadística descriptiva del bloque (ambiental)
tabla,73,env,BLOQUE_HET_ENV3,tablas/tablas_apa_SIEPAC.html#tabla-73,"Estadística descriptiva de Emisiones atmosféricas del sistema (ENV3), Escala eléctrica, entre los países del SIEPAC, 2020–2024",Estadística descriptiva del bloque (ambiental)
tabla,74,env,BLOQUE_ENV_CONVERGENCIA,tablas/tablas_apa_SIEPAC.html#tabla-74,"Convergencia sigma entre los países del SIEPAC por indicador ambiental, 2020–2024",Estadística descriptiva del bloque (ambiental)
tabla,75,env,BLOQUE_ENV6_DESCRIPTIVOS,tablas/tablas_apa_SIEPAC.html#tabla-75,"Estadística descriptiva anual de la inyección de biomasa y el saldo neto en el MER (ENV6) entre los países del SIEPAC, 2020–2024",Estadística descriptiva del bloque (ambiental)
