pais,codigo_iso3,anio,poblacion_rural_hab,poblacion_urbana_hab,poblacion_total_hab
Guatemala,GTM,2020,7889196,9468129,17357325
Guatemala,GTM,2021,7936163,9662487,17598650
Guatemala,GTM,2022,7985475,9862402,17847877
Guatemala,GTM,2023,8045936,10078902,18124838
Guatemala,GTM,2024,8107136,10299223,18406359
El Salvador,SLV,2020,1679807,4554866,6234673
El Salvador,SLV,2021,1646281,4609501,6255782
El Salvador,SLV,2022,1623682,4656637,6280319
El Salvador,SLV,2023,1602135,4707489,6309624
El Salvador,SLV,2024,1580271,4757922,6338193
Honduras,HND,2020,4364685,5754955,10119640
Honduras,HND,2021,4388116,5901761,10289877
Honduras,HND,2022,4411938,6051934,10463872
Honduras,HND,2023,4437494,6207357,10644851
Honduras,HND,2024,4461806,6363897,10825703
Nicaragua,NIC,2020,2711154,3854113,6565267
Nicaragua,NIC,2021,2733696,3911045,6644741
Nicaragua,NIC,2022,2759875,3970779,6730654
Nicaragua,NIC,2023,2789145,4034468,6823613
Nicaragua,NIC,2024,2817439,4098701,6916140
Costa Rica,CRI,2020,1131657,3902663,5034320
Costa Rica,CRI,2021,1113861,3946127,5059988
Costa Rica,CRI,2022,1095600,3986165,5081765
Costa Rica,CRI,2023,1078188,4027337,5105525
Costa Rica,CRI,2024,1061339,4068571,5129910
Panamá,PAN,2020,1468883,2824378,4293261
Panamá,PAN,2021,1485727,2859678,4345405
Panamá,PAN,2022,1504134,2896639,4400773
Panamá,PAN,2023,1522215,2936544,4458759
Panamá,PAN,2024,1535484,2980093,4515577
