serie,anio,n,media,mediana,de_poblacional,minimo,maximo,rango,delta_media_desde_2020_pp,delta_mediana_desde_2020_pp
SOC2_PROM,2020,6,3.870832,2.503655,2.390826,2.063309,8.711278,6.647969,0.000000,0.000000
SOC2_PROM,2021,6,3.518526,2.397641,2.004904,1.876613,7.270021,5.393408,-0.352306,-0.106014
SOC2_PROM,2022,6,3.594091,2.464115,2.088943,1.804922,7.081605,5.276683,-0.276741,-0.039540
SOC2_PROM,2023,6,3.470997,2.443938,1.944510,1.728770,6.297762,4.568992,-0.399835,-0.059718
SOC2_PROM,2024,6,3.446814,2.584826,1.825007,1.759453,6.551977,4.792524,-0.424018,0.081170
SOC2_POBRE,2020,6,23.297733,22.256502,14.077513,7.242167,49.082693,41.840526,0.000000,0.000000
SOC2_POBRE,2021,6,21.760031,17.385753,14.880465,7.554624,51.343162,43.788538,-1.537702,-4.870748
SOC2_POBRE,2022,6,23.240880,16.675861,18.621449,7.008760,61.732542,54.723782,-0.056853,-5.580640
SOC2_POBRE,2023,6,23.068702,15.633923,20.064850,6.914519,65.870335,58.955816,-0.229031,-6.622579
SOC2_POBRE,2024,6,24.730101,13.938486,23.131114,7.234537,73.494630,66.260093,1.432368,-8.318015
