pais,anio,eco_cg_usd_mwh
Costa Rica,2020,80.38
Costa Rica,2021,60.94
Costa Rica,2022,67.39
Costa Rica,2023,93.34
Costa Rica,2024,97.84
El Salvador,2020,111.15
El Salvador,2021,122.1
El Salvador,2022,143.32
El Salvador,2023,133.88
El Salvador,2024,150.4
Guatemala,2020,24.6
Guatemala,2021,25.67
Guatemala,2022,30.28
Guatemala,2023,38.05
Guatemala,2024,37.56
Honduras,2020,92.48
Honduras,2021,118.19
Honduras,2022,161.37
Honduras,2023,153.55
Honduras,2024,164.89
Nicaragua,2020,70.64
Nicaragua,2021,77.45
Nicaragua,2022,95.05
Nicaragua,2023,101.36
Nicaragua,2024,101.56
Panamá,2020,116.48
Panamá,2021,111.25
Panamá,2022,126.28
Panamá,2023,120.76
Panamá,2024,124.89
