numero,seccion,dimension,codigo,titulo,archivo
1,Datos base (económica),eco,consumo_final_total_kwh,"Consumo final total de electricidad por país, 2020–2024",individuales/Tabla_01_consumo-final-total-kwh.html
2,Datos base (económica),eco,consumo_industrial_kwh,"Consumo final de electricidad de la industria por país, 2020–2024",individuales/Tabla_02_consumo-industrial-kwh.html
3,Datos base (económica),eco,produccion_bruta_kwh,"Producción bruta de electricidad por país, 2020–2024",individuales/Tabla_03_produccion-bruta-kwh.html
4,Datos base (económica),eco,gen_total_kwh,"Generación eléctrica total por país, 2020–2024",individuales/Tabla_04_gen-total-kwh.html
5,Datos base (económica),eco,gen_hidro_kwh,"Generación hidroeléctrica por país, 2020–2024",individuales/Tabla_05_gen-hidro-kwh.html
6,Datos base (económica),eco,gen_geotermia_kwh,"Generación geotérmica por país, 2020–2024",individuales/Tabla_06_gen-geotermia-kwh.html
7,Datos base (económica),eco,gen_eolica_kwh,"Generación eólica por país, 2020–2024",individuales/Tabla_07_gen-eolica-kwh.html
8,Datos base (económica),eco,gen_solar_kwh,"Generación solar por país, 2020–2024",individuales/Tabla_08_gen-solar-kwh.html
9,Datos base (económica),eco,gen_biomasa_kwh,"Generación con biomasa por país, 2020–2024",individuales/Tabla_09_gen-biomasa-kwh.html
10,Datos base (económica),eco,gen_renovable_kwh,"Generación renovable total por país, 2020–2024",individuales/Tabla_10_gen-renovable-kwh.html
11,Datos base (económica),eco,gen_fosil_kwh,"Generación térmica fósil por país, 2020–2024",individuales/Tabla_11_gen-fosil-kwh.html
12,Datos base (económica),eco,importaciones_kwh,"Importaciones de electricidad por país, 2020–2024",individuales/Tabla_12_importaciones-kwh.html
13,Datos base (económica),eco,exportaciones_kwh,"Exportaciones de electricidad por país, 2020–2024",individuales/Tabla_13_exportaciones-kwh.html
14,Datos base (económica),eco,poblacion_habitantes,"Población total por país, 2020–2024",individuales/Tabla_14_poblacion-habitantes.html
15,Datos base (económica),eco,pib_usd_const2015,"Producto interno bruto real por país, 2020–2024",individuales/Tabla_15_pib-usd-const2015.html
16,Datos base (económica),eco,vai_usd_const2015,"Valor agregado manufacturero por país, 2020–2024",individuales/Tabla_16_vai-usd-const2015.html
17,Datos base (económica),eco,vai_pct_pib,"Participación del valor agregado manufacturero en el PIB por país, 2020–2024",individuales/Tabla_17_vai-pct-pib.html
18,Datos base (económica),eco,tarifa_usd_mwh,"Precio medio de la electricidad regulada por país, 2020–2024",individuales/Tabla_18_tarifa-usd-mwh.html
19,Datos base (económica),eco,eco_cg_usd_mwh,"Matriz ECO-CG de los países del SIEPAC, 2020–2024",individuales/Tabla_19_eco-cg-usd-mwh.html
20,Datos base (ambiental),env,emisiones_gei_10e3t,"Emisiones de gases de efecto invernadero de las centrales eléctricas por país, 2020–2024",individuales/Tabla_20_emisiones-gei-10e3t.html
21,Datos base (ambiental),env,so2_10e3t,"Emisiones de dióxido de azufre de las centrales eléctricas por país, 2020–2024",individuales/Tabla_21_so2-10e3t.html
22,Datos base (ambiental),env,nox_10e3t,"Emisiones de óxidos de nitrógeno de las centrales eléctricas por país, 2020–2024",individuales/Tabla_22_nox-10e3t.html
23,Datos base (ambiental),env,co_10e3t,"Emisiones de monóxido de carbono de las centrales eléctricas por país, 2020–2024",individuales/Tabla_23_co-10e3t.html
24,Datos base (ambiental),env,particulas_10e3t,"Emisiones de material particulado de las centrales eléctricas por país, 2020–2024",individuales/Tabla_24_particulas-10e3t.html
25,Datos base (ambiental),env,pib_usd_const2015,"Producto interno bruto real empleado en la dimensión ambiental por país, 2020–2024",individuales/Tabla_25_pib-usd-const2015.html
26,Datos base (social),soc,pct_sin_electricidad,"Población sin acceso a electricidad por país, 2020–2024",individuales/Tabla_26_pct-sin-electricidad.html
27,Datos base (social),soc,tasa_electrificacion_rural,"Tasa de electrificación rural por país, 2020–2024",individuales/Tabla_27_tasa-electrificacion-rural.html
28,Datos base (social),soc,tasa_electrificacion_urbana,"Tasa de electrificación urbana por país, 2020–2024",individuales/Tabla_28_tasa-electrificacion-urbana.html
29,Datos base (social),soc,pct_renovable_generacion,"Participación de las renovables en la generación eléctrica por país, 2020–2024",individuales/Tabla_29_pct-renovable-generacion.html
30,Indicadores (económica),eco,ECO1,"Uso de energía per cápita (ECO1), por país, 2020–2024",individuales/Tabla_30_eco1.html
31,Indicadores (económica),eco,ECO2,"Uso de energía por unidad de PIB (ECO2), por país, 2020–2024",individuales/Tabla_31_eco2.html
32,Indicadores (económica),eco,ECO3,"Eficiencia de conversión y distribución (ECO3), por país, 2020–2024",individuales/Tabla_32_eco3.html
33,Indicadores (económica),eco,ECO6,"Intensidad energética de la industria (ECO6), por país, 2020–2024",individuales/Tabla_33_eco6.html
34,Indicadores (económica),eco,ECO11,"Fósiles en la electricidad (ECO11), por país, 2020–2024",individuales/Tabla_34_eco11.html
35,Indicadores (económica),eco,ECO13,"Renovables en la electricidad (ECO13), por país, 2020–2024",individuales/Tabla_35_eco13.html
36,Indicadores (económica),eco,ECO14,"Precio medio de la electricidad (ECO14), por país, 2020–2024",individuales/Tabla_36_eco14.html
37,Indicadores (económica),eco,ECO15,"Dependencia de importaciones netas (ECO15), por país, 2020–2024",individuales/Tabla_37_eco15.html
38,Indicadores (ambiental),env,ENV1_PC,"Emisiones de GEI del sector eléctrico (ENV1_PC), Per cápita, por país, 2020–2024",individuales/Tabla_38_env1-pc.html
39,Indicadores (ambiental),env,ENV1_PIB,"Emisiones de GEI del sector eléctrico (ENV1_PIB), Por unidad de PIB, por país, 2020–2024",individuales/Tabla_39_env1-pib.html
40,Indicadores (ambiental),env,ENV2_SO2_PC,"Contaminantes atmosféricos urbanos (ENV2_SO2_PC), SO₂ per cápita, por país, 2020–2024",individuales/Tabla_40_env2-so2-pc.html
41,Indicadores (ambiental),env,ENV2_PAR_PC,"Contaminantes atmosféricos urbanos (ENV2_PAR_PC), Partículas per cápita, por país, 2020–2024",individuales/Tabla_41_env2-par-pc.html
42,Indicadores (ambiental),env,ENV2_SO2_PIB,"Contaminantes atmosféricos urbanos (ENV2_SO2_PIB), SO₂ por PIB, por país, 2020–2024",individuales/Tabla_42_env2-so2-pib.html
43,Indicadores (ambiental),env,ENV2_PAR_PIB,"Contaminantes atmosféricos urbanos (ENV2_PAR_PIB), Partículas por PIB, por país, 2020–2024",individuales/Tabla_43_env2-par-pib.html
44,Indicadores (ambiental),env,ENV3,"Emisiones atmosféricas del sistema (ENV3), Escala eléctrica, por país, 2020–2024",individuales/Tabla_44_env3.html
45,Indicadores (ambiental),env,ENV6,"Inyección de biomasa y saldo neto en el Mercado Eléctrico Regional (ENV6), por país, 2020–2024",individuales/Tabla_45_env6.html
46,Indicadores (social),soc,SOC1,"Población sin electricidad (SOC1), por país, 2020–2024",individuales/Tabla_46_soc1.html
47,Indicadores (social),soc,SOC2_PROM,"Ingreso destinado a electricidad (SOC2_PROM), Hogar promedio, por país, 2020–2024",individuales/Tabla_47_soc2-prom.html
48,Indicadores (social),soc,SOC2_POBRE,"Ingreso destinado a electricidad (SOC2_POBRE), Quintil más pobre, por país, 2020–2024",individuales/Tabla_48_soc2-pobre.html
49,Indicadores (social),soc,SOC3_RURAL,"Hogares con acceso a energía renovable (SOC3_RURAL), Rural, por país, 2020–2024",individuales/Tabla_49_soc3-rural.html
50,Indicadores (social),soc,SOC3_URB,"Hogares con acceso a energía renovable (SOC3_URB), Urbano, por país, 2020–2024",individuales/Tabla_50_soc3-urb.html
51,Estadística descriptiva del bloque (económica),eco,BLOQUE_TENDENCIA,"Nivel y tendencia de las series económicas del SIEPAC, 2020–2024",individuales/Tabla_51_bloque-tendencia.html
52,Estadística descriptiva del bloque (económica),eco,BLOQUE_HET_ECO1,"Estadística descriptiva de Uso de energía per cápita (ECO1) entre los países del SIEPAC, por año, 2020–2024",individuales/Tabla_52_bloque-het-eco1.html
53,Estadística descriptiva del bloque (económica),eco,BLOQUE_HET_ECO2,"Estadística descriptiva de Uso de energía por unidad de PIB (ECO2) entre los países del SIEPAC, por año, 2020–2024",individuales/Tabla_53_bloque-het-eco2.html
54,Estadística descriptiva del bloque (económica),eco,BLOQUE_HET_ECO3,"Estadística descriptiva de Eficiencia de conversión y distribución (ECO3) entre los países del SIEPAC, por año, 2020–2024",individuales/Tabla_54_bloque-het-eco3.html
55,Estadística descriptiva del bloque (económica),eco,BLOQUE_HET_ECO6,"Estadística descriptiva de Intensidad energética de la industria (ECO6) entre los países del SIEPAC, por año, 2020–2024",individuales/Tabla_55_bloque-het-eco6.html
56,Estadística descriptiva del bloque (económica),eco,BLOQUE_HET_ECO11,"Estadística descriptiva de Fósiles en la electricidad (ECO11) entre los países del SIEPAC, por año, 2020–2024",individuales/Tabla_56_bloque-het-eco11.html
57,Estadística descriptiva del bloque (económica),eco,BLOQUE_HET_ECO13,"Estadística descriptiva de Renovables en la electricidad (ECO13) entre los países del SIEPAC, por año, 2020–2024",individuales/Tabla_57_bloque-het-eco13.html
58,Estadística descriptiva del bloque (económica),eco,BLOQUE_HET_ECO14,"Estadística descriptiva de Precio medio de la electricidad (ECO14) entre los países del SIEPAC, por año, 2020–2024",individuales/Tabla_58_bloque-het-eco14.html
59,Estadística descriptiva del bloque (económica),eco,BLOQUE_HET_ECO_CG,"Estadística descriptiva de Costo de generación eléctrica (ECO-CG) entre los países del SIEPAC, por año, 2020–2024",individuales/Tabla_59_bloque-het-eco-cg.html
60,Estadística descriptiva del bloque (económica),eco,BLOQUE_HET_ECO15,"Estadística descriptiva de Dependencia de importaciones netas (ECO15) entre los países del SIEPAC, por año, 2020–2024",individuales/Tabla_60_bloque-het-eco15.html
61,Estadística descriptiva del bloque (económica),eco,BLOQUE_CONVERGENCIA,"Convergencia sigma entre los países del SIEPAC por serie económica, 2020–2024",individuales/Tabla_61_bloque-convergencia.html
62,Estadística descriptiva del bloque (social),soc,BLOQUE_SOC_TENDENCIA,"Nivel y tendencia regional de los indicadores sociales agregables del SIEPAC, 2020–2024",individuales/Tabla_62_bloque-soc-tendencia.html
63,Estadística descriptiva del bloque (social),soc,BLOQUE_SOC_HETEROGENEIDAD,"Heterogeneidad de los indicadores sociales entre los países del SIEPAC, 2020 y 2024",individuales/Tabla_63_bloque-soc-heterogeneidad.html
64,Estadística descriptiva del bloque (social),soc,BLOQUE_SOC2_DESCRIPTIVOS,"Estadística descriptiva anual del ingreso destinado a electricidad en los países del SIEPAC, 2020–2024",individuales/Tabla_64_bloque-soc2-descriptivos.html
65,Estadística descriptiva del bloque (social),soc,BLOQUE_SOC2_CAMBIO,Cambio en el nivel y la dispersión de SOC2 entre 2020 y 2024,individuales/Tabla_65_bloque-soc2-cambio.html
66,Estadística descriptiva del bloque (ambiental),env,BLOQUE_ENV_TENDENCIA,"Nivel y tendencia regional de los indicadores ambientales del SIEPAC, 2020–2024",individuales/Tabla_66_bloque-env-tendencia.html
67,Estadística descriptiva del bloque (ambiental),env,BLOQUE_HET_ENV1_PC,"Estadística descriptiva de Emisiones de GEI del sector eléctrico (ENV1_PC), Per cápita, entre los países del SIEPAC, 2020–2024",individuales/Tabla_67_bloque-het-env1-pc.html
68,Estadística descriptiva del bloque (ambiental),env,BLOQUE_HET_ENV1_PIB,"Estadística descriptiva de Emisiones de GEI del sector eléctrico (ENV1_PIB), Por unidad de PIB, entre los países del SIEPAC, 2020–2024",individuales/Tabla_68_bloque-het-env1-pib.html
69,Estadística descriptiva del bloque (ambiental),env,BLOQUE_HET_ENV2_SO2_PC,"Estadística descriptiva de Contaminantes atmosféricos urbanos (ENV2_SO2_PC), SO₂ per cápita, entre los países del SIEPAC, 2020–2024",individuales/Tabla_69_bloque-het-env2-so2-pc.html
70,Estadística descriptiva del bloque (ambiental),env,BLOQUE_HET_ENV2_PAR_PC,"Estadística descriptiva de Contaminantes atmosféricos urbanos (ENV2_PAR_PC), Partículas per cápita, entre los países del SIEPAC, 2020–2024",individuales/Tabla_70_bloque-het-env2-par-pc.html
71,Estadística descriptiva del bloque (ambiental),env,BLOQUE_HET_ENV2_SO2_PIB,"Estadística descriptiva de Contaminantes atmosféricos urbanos (ENV2_SO2_PIB), SO₂ por PIB, entre los países del SIEPAC, 2020–2024",individuales/Tabla_71_bloque-het-env2-so2-pib.html
72,Estadística descriptiva del bloque (ambiental),env,BLOQUE_HET_ENV2_PAR_PIB,"Estadística descriptiva de Contaminantes atmosféricos urbanos (ENV2_PAR_PIB), Partículas por PIB, entre los países del SIEPAC, 2020–2024",individuales/Tabla_72_bloque-het-env2-par-pib.html
73,Estadística descriptiva del bloque (ambiental),env,BLOQUE_HET_ENV3,"Estadística descriptiva de Emisiones atmosféricas del sistema (ENV3), Escala eléctrica, entre los países del SIEPAC, 2020–2024",individuales/Tabla_73_bloque-het-env3.html
74,Estadística descriptiva del bloque (ambiental),env,BLOQUE_ENV_CONVERGENCIA,"Convergencia sigma entre los países del SIEPAC por indicador ambiental, 2020–2024",individuales/Tabla_74_bloque-env-convergencia.html
75,Estadística descriptiva del bloque (ambiental),env,BLOQUE_ENV6_DESCRIPTIVOS,"Estadística descriptiva anual de la inyección de biomasa y el saldo neto en el MER (ENV6) entre los países del SIEPAC, 2020–2024",individuales/Tabla_75_bloque-env6-descriptivos.html
